"","GreennessIndex","Contrast","PlantBiomass","VerticalWaterDistance","SoilMoistureAvrg","pH","EC","SalinityAdjusted","BulkDensityIncRoots"
"s1t1p1",0.396047,58.2743170106313,21.5,0,76.2,7.52,490,4214,0.32
"s1t1p2",0.4055816,51.1964545542899,12.2,37.5,51,8.14,415.8,3950.1,0.335
"s1t1p3",0.36428,42.7890263921504,14,11.6,63.67,9.04,796.6,7567.7,0.363
"s1t1p4",0.3674504,41.0502896238011,12.5,23.2,53.93,9.14,585.1,5031.86,0.917
"s1t1p5",0.3773705,47.0483586323613,11.9,43,55.03,8.88,4190,36034,0.591
"s1t1p6",0.4022786,51.6397509037475,15.8,5.5,83.77,6.83,480.3,4130.58,0.143
"s1t2p1",0.3896041,47.3986772500062,16.9,129,58.13,8.08,646,5555.6,0.611
"s1t2p2",0.4132894,42.4439283291177,20.1,8,72.93,7.55,601.4,5172.04,0.392
"s1t2p3",0.40672,42.452394297771,18.3,2.5,84.27,7.29,274,2356.4,0.206
"s1t2p4",0.4306302,40.2143918017068,15.3,14,61.57,7.14,495.4,4260.44,0.212
"s1t2p6",0.4237505,44.0966681157772,11.3,11,70,7.72,516.9,4445.34,0.259
"s1t3p1",0.3702259,57.3549102279516,16.8,97,39.27,8.92,1736,16492,0.67
"s1t3p2",0.3749296,49.4639469350444,9.5,17,62.87,8.18,496.8,4719.6,0.427
"s1t3p3",0.437035,53.2966159248523,26.5,0,100,7.13,441.5,3796.9,0.2
"s1t3p4",0.4256536,46.5037148032588,18.8,3,94.6,7.05,384.3,3304.98,0.29
"s1t3p5",0.3844558,49.6882212488523,11.5,31,44.1,8.05,385.6,3316.16,0.608
"s1t3p6",0.3655788,49.0085259618453,11.7,17,45.37,7.78,707.3,6082.78,0.522
"s1t4p1",0.4592444,38.6271779494414,18.3,37,67.83,7.28,405.3,3485.58,0.245
"s1t4p2",0.4391027,29.3099869726783,13.9,14,72.5,7.5,549,5215.5,0.295
"s1t4p3",0.3711401,44.4087181986937,9.3,8,78.33,7.29,700.7,6026.02,0.254
"s1t4p4",0.4147885,40.872977012603,27.7,0,100,6.83,444.4,3821.84,0.102
"s1t4p5",0.3850219,38.1553254924735,11,36,42.13,7.71,3630,31218,0.269
"s1t4p6",0.3448725,26.5418101248028,10.4,61.5,16.33,9.22,948.2,8154.52,0.891
"s1t5p1",0.3873825,55.6844333089251,11.3,17.5,65.3,7.53,273.2,2595.4,0.386
"s1t5p2",0.4568627,53.0000464679599,28,24,60.13,7.81,728,6260.8,0.338
"s1t5p3",0.4080689,54.6724456234749,12.8,8,100,7.19,358.4,3404.8,0.174
"s1t5p4",0.3493782,45.834722578686,8.5,47.5,45.4,7.33,951.8,9042.1,0.279
"s1t5p5",0.3644625,57.7997481539458,8.8,31,43.5,7.83,919.2,7905.12,0.387
"s1t5p6",0.4133539,56.0214350935784,13,20,68.5,7.45,335.2,2882.72,0.349
"s2t1p1",0.4174952,52.9041816813373,12.5,82.5,55.63,8.25,1309,12435.5,0.438
"s2t1p2",0.4089838,54.1003253485224,21.7,4.5,73.4,7.6,253,2175.8,0.25
"s2t1p3",0.4330921,46.9577743253133,22.5,12,100,7.19,652.6,5612.36,0.182
"s2t1p4",0.4099486,45.5991710348324,15.8,8,59,9.14,1319,12530.5,0.455
"s2t1p5",0.4104987,50.9296046571236,24.9,0,90.23,7.58,655.8,5639.88,0.485
"s2t1p6",0.3315222,62.5281415287358,11,78,36.4,8.9,5580,47988,0.94
"s2t2p1",0.4132608,42.4974177280845,18,50,51.3,7.99,554.7,4770.42,0.675
"s2t2p2",0.3730251,51.6840382191134,26.9,5,64.8,7.96,574.1,4937.26,0.236
"s2t2p3",0.3974722,42.310420412358,20.6,5,74.2,7.6,251.6,2163.76,0.221
"s2t2p4",0.4187389,47.8028064698438,29,13,72.87,7.08,460.1,3956.86,0.211
"s2t2p5",0.3977102,47.5723056499328,26.8,0,77.7,7.72,207.5,1971.25,0.208
"s2t2p6",0.3845964,42.5856037619206,23.4,8,49.27,8.35,270.3,2324.58,0.878
"s2t3p1",0.468683,34.9319963673658,12.8,125,50.5,8.38,492.7,4680.65,0.667
"s2t3p2",0.4320269,40.9249021486097,11.4,2,53.5,8.68,162.5,1397.5,0.464
"s2t3p3",0.404721,49.0301625465217,12.9,10,63.53,7.77,617.2,5863.4,0.317
"s2t3p4",0.4452833,44.1085425625677,24.8,0,100,7.14,423,3637.8,0.2
"s2t3p5",0.3413401,50.3732611995382,10,0,41.43,7.99,828.5,7125.1,1.12
"s2t3p6",0.3593229,51.7064574205216,10.8,16,77.8,8.44,1051,14503.8,0.727
"s2t4p1",0.3212296,50.8417051436003,26.1,16,61.67,8.94,1570,13502,1.119
"s2t4p2",0.3820985,48.5717684729652,22.4,40.5,46.13,8.25,292.4,4970.8,1.094
"s2t4p3",0.3571304,46.5362363666282,26,-3,100,7.4,321,3049.5,0.281
"s2t4p4",0.4056583,40.1165148616673,17,22,62.77,7.49,282.7,3901.26,0.42
"s2t4p5",0.3657514,48.1505232414244,15.9,12,47.2,8.62,986.2,9368.9,0.464
"s2t5p1",0.4266978,38.4607407535455,17.4,9.5,67.67,7.8,322.4,4449.12,0.447
"s2t5p2",0.4029183,45.4946118234546,25.6,4,80.5,6.71,514.4,4423.84,0.204
"s2t5p3",0.391398,51.468551219706,34.7,3,74.07,7.44,483.1,4589.45,0.272
"s2t5p4",0.3924437,51.8038740553505,22.6,-1,93.73,7.37,277.1,2632.45,0.17
"s2t5p5",0.3417598,58.4481636066965,10.9,1,51.33,8.58,413.8,7034.6,1.046
"s2t5p6",0.3403152,41.4128381024535,10.7,46,21.37,9.21,979.6,16653.2,1.408
"s3t1p1",0.3547041,31.7426112490862,12,197,15.47,8.43,629.3,8684.34,0.997
"s3t1p2",0.3892067,53.481457144513,14.4,82,41.33,8.07,1507,12960.2,0.878
"s3t1p3",0.3747159,48.6300596428872,13.8,7,55.07,7.75,308.4,2929.8,0.96
"s3t1p4",0.3412874,26.7267982969984,11.6,66,32.9,8.58,1297,12321.5,1.223
"s3t1p5",0.3738119,34.9667373470093,11,74,26.23,8.6,869.9,8264.05,0.941
"s3t1p6",0.3814338,49.206940908039,12.1,10,57.83,7.75,585.5,8079.9,0.575
"s3t2p1",0.3426066,49.1327882476086,11.6,174,14.03,8.2,1428,13566,0.675
"s3t2p2",0.3602384,41.8795236588637,23.3,83,55.47,8.08,3250,27950,0.753
"s3t2p3",0.3459921,41.0775086427142,10.7,2,47.2,7.72,409.5,3521.7,1.055
"s3t2p4",0.3515349,36.0013861723337,11.8,34.5,46.13,8.13,1432,13604,0.861
"s3t2p5",0.4060404,41.1357932085856,11.8,6,61.2,7.72,692.1,5952.06,0.69
"s3t2p6",0.3707475,48.7622417229209,12.3,1,61.4,7.21,613.2,8462.16,0.442
"s3t3p1",0.3500889,25.3502054923956,9.6,81,27.33,8.31,398.7,3428.82,1.187
"s3t3p2",0.3843608,38.0287061295335,13.8,81,40.33,8.69,914.7,8689.65,0.744
"s3t3p3",0.3838025,36.626165674363,12.2,45,43.47,7.92,251,2384.5,0.76
"s3t3p4",0.3401774,20.3162908087871,10.7,10,15.93,8.67,857.1,8142.45,1.066
"s3t3p5",0.402751,39.072593007118,10.8,9,58.03,7.6,801.5,11060.7,0.711
"s3t3p6",0.4144648,37.0021228346736,10.8,15,62.33,7.53,1003,13841.4,0.586
"s3t4p1",0.4030614,56.6252763278549,12.6,35,51.07,8.25,275.3,2367.58,0.83
"s3t4p2",0.3529714,61.1366285079892,13.1,43,28.13,7.88,400.9,3808.55,0.574
"s3t4p3",0.4227284,50.8946841707985,18.4,4,70.47,7.35,323.2,2779.52,0.64
"s3t4p4",0.4222856,48.1175817116689,15.7,9,77.77,7.39,344.1,3268.95,0.371
"s3t4p5",0.3655458,50.9010383652059,9.7,47,21,7.61,458.5,4355.75,0.46
"s3t4p6",0.3633392,53.4536447271037,9.8,11,10.13,7.72,311,2954.5,0.656
"s3t5p1",0.3931825,45.7887171723537,11.3,10,60.77,7.77,462.2,6378.36,0.704
"s3t5p2",0.34696,50.2763442758639,17.4,47,46.57,9.17,1150,15870,1.275
"s3t5p4",0.4046649,47.8421945435032,19.5,8,49.8,8.12,821.1,7800.45,0.763
"s3t5p5",0.3439492,41.0149726431023,10.4,55,24.57,8.59,747.3,10312.74,0.955
"s3t5p6",0.3404732,35.2924530266444,12.7,44,20.2,8.71,569.4,7857.72,1.24
